{"cameraMode":{"drawMode":0,"name":"Shaded","section":"Shading Mode"},"sceneLighting":false,"audioPlay":false,"sceneViewState":{"showFog":true,"showMaterialUpdate":true,"showSkybox":false,"showFlares":true,"showImageEffects":true,"showParticleSystems":true},"in2DMode":false,"pivot":{"x":-0.17293310165405274,"y":-1.2068427801132203,"z":0.7346401810646057},"rotation":{"x":0.17258509993553163,"y":0.6407284140586853,"z":-0.15090441703796388,"w":0.732754111289978},"size":1.6077816486358643,"orthographic":false}