{"cameraMode":{"drawMode":0,"name":"Shaded","section":"Shading Mode"},"sceneLighting":false,"audioPlay":false,"sceneViewState":{"showFog":true,"showMaterialUpdate":true,"showSkybox":false,"showFlares":true,"showImageEffects":true,"showParticleSystems":true},"in2DMode":false,"pivot":{"x":-11.538837432861329,"y":-14.052846908569336,"z":13.94985580444336},"rotation":{"x":0.17258509993553163,"y":0.6407284140586853,"z":-0.15090441703796388,"w":0.732754111289978},"size":4.266390323638916,"orthographic":false}