{"cameraMode":{"drawMode":0,"name":"Shaded","section":"Shading Mode"},"sceneLighting":false,"audioPlay":false,"sceneViewState":{"showFog":true,"showMaterialUpdate":true,"showSkybox":false,"showFlares":true,"showImageEffects":true,"showParticleSystems":true},"in2DMode":false,"pivot":{"x":35.16016387939453,"y":-2.432283639907837,"z":-18.258682250976564},"rotation":{"x":0.12248377501964569,"y":0.8191148638725281,"z":-0.19032779335975648,"w":0.5271087288856506},"size":4.248284339904785,"orthographic":false}