{"cameraMode":{"drawMode":0,"name":"Shaded","section":"Shading Mode"},"sceneLighting":true,"audioPlay":false,"sceneViewState":{"showFog":true,"showMaterialUpdate":true,"showSkybox":true,"showFlares":true,"showImageEffects":true,"showParticleSystems":true},"in2DMode":false,"pivot":{"x":-0.38246607780456545,"y":6.046273708343506,"z":-4.16080379486084},"rotation":{"x":-0.3841707110404968,"y":-0.3562690019607544,"z":0.1637435108423233,"w":-0.8358814120292664},"size":2.676603317260742,"orthographic":false}