{"cameraMode":{"drawMode":0,"name":"Shaded","section":"Shading Mode"},"sceneLighting":false,"audioPlay":false,"sceneViewState":{"showFog":true,"showMaterialUpdate":true,"showSkybox":false,"showFlares":true,"showImageEffects":true,"showParticleSystems":true},"in2DMode":false,"pivot":{"x":1.0029011964797974,"y":1.4577395915985108,"z":-0.07055769860744477},"rotation":{"x":0.23071913421154023,"y":-0.6906160712242127,"z":0.2496006190776825,"w":0.6383724212646484},"size":1.069127082824707,"orthographic":false}