{"cameraMode":{"drawMode":0,"name":"Shaded","section":"Shading Mode"},"sceneLighting":true,"audioPlay":false,"sceneViewState":{"showFog":true,"showMaterialUpdate":true,"showSkybox":true,"showFlares":true,"showImageEffects":true,"showParticleSystems":true},"in2DMode":false,"pivot":{"x":-2.5149965286254885,"y":12.382377624511719,"z":8.464223861694336},"rotation":{"x":-0.28656312823295596,"y":0.7068800330162048,"z":-0.5108773708343506,"w":-0.3965167701244354},"size":26.278013229370118,"orthographic":false}